id,1,2,3,4,5,6,7,8,9,10,11,12,13,14,15,16,17,18,19,20,21,22,23,24
Allerton-Pelham Gardens, 0.00239687, 0.00260355, 0.00299265, 0.00267115, 0.0017838 , 0.00091393,  0.00061929, 0.00041989, 0.00048515, 0.00089797, 0.00234303, 0.00318953,  0.005295  , 0.01050826, 0.008989  , 0.00568428, 0.00480971, 0.00391247,  0.00228791, 0.00164693, 0.00129038, 0.0016433 , 0.00136113, 0.00185429
Annadale-Huguenot-Prince's Bay-Eltingville,  4.50340753e-06,  7.30395685e-06,  5.28651976e-06,  1.03525330e-05,   5.21600700e-06,  6.17520286e-06,  6.99458892e-07,  5.86246412e-07,   9.97341736e-07,  1.47162972e-06,  2.07879400e-06,  3.36730049e-06,   7.49363416e-06,  8.43919013e-06,  3.10934046e-04,  4.82946577e-06,   3.10229355e-04,  2.60408478e-06,  7.97470183e-05,  1.83604644e-06,   2.64721869e-06,  6.72064325e-06,  2.36781390e-04,  2.33486702e-04
Arden Heights,  4.50340753e-06,  7.30395685e-06,  5.28651976e-06,  1.25207051e-04,   5.21600700e-06,  3.85950178e-05,  6.99458892e-07,  5.86246412e-07,   9.97341736e-07,  1.47162972e-06,  1.68949258e-05,  3.36730049e-06,   7.49363416e-06,  8.43919013e-06,  2.00602610e-06,  4.82946577e-06,   7.51177664e-06,  2.60408478e-06,  7.41567409e-05,  7.38090668e-05,   1.90832920e-04,  6.72064325e-06,  9.78167023e-05,  1.42770314e-04
Astoria, 0.09436797, 0.10418071, 0.10619128, 0.07874312,-0.00554061,-0.04869919, -0.03093572,-0.02186147,-0.02734106,-0.03171907,-0.04040892,-0.05119144, -0.10517965,-0.16227132,-0.09902347,-0.05722511,-0.04069424,-0.04012644, -0.01485747, 0.00152355, 0.01529946, 0.02862689, 0.04417236, 0.0693624 
Auburndale, 0.00189525, 0.0020293 , 0.00244093, 0.00337942, 0.00104156, 0.00109764,  0.00031836, 0.0003453 , 0.00041469, 0.000668  , 0.00125404, 0.00247264,  0.00524604, 0.00993293, 0.00789371, 0.00511634, 0.00463083, 0.00351763,  0.00193013, 0.0015544 , 0.00133339, 0.00158209, 0.00156074, 0.00184219
Baisley Park,  6.99349659e-03,  7.48061357e-03,  5.61668695e-03,  5.21709066e-03,   2.17593234e-03,  2.66460003e-03,  4.04321359e-06,  5.86246412e-07,   1.26012969e-04,  1.29944905e-03,  2.75787931e-03,  3.66745469e-03,   9.67677958e-03,  9.89696850e-03,  1.48586353e-02,  8.94050021e-03,   8.66248254e-03,  1.13277196e-02,  8.06825341e-03,  6.94551887e-03,   5.18850748e-03,  5.24909392e-03,  5.69177704e-03,  5.95769074e-03
Bath Beach, 0.00191936, 0.0021668 , 0.00346363, 0.00339856, 0.00189584, 0.00079506,  0.00023811, 0.00026063, 0.00014874, 0.0004965 , 0.00086882, 0.00151679,  0.00370385, 0.00651689, 0.00443934, 0.00394258, 0.00285581, 0.00196716,  0.00164502, 0.00112941, 0.00144899, 0.00171781, 0.00196247, 0.00216877
Battery Park City-Lower Manhattan, 0.09851603, 0.10782031, 0.13225671, 0.15950499, 0.05088401, 0.01698335,  0.0789969 , 0.12068437, 0.15366566, 0.23193016, 0.26601091, 0.10798015, -0.24177361,-0.3415953 ,-0.43718731,-0.32063808,-0.26043968,-0.30794231, -0.20773881,-0.11797223,-0.06039152,-0.001244  , 0.05250772, 0.07733939
Bay Ridge, 0.02856821, 0.03069317, 0.03395628, 0.03749121, 0.02042395, 0.00738709,  0.00246839, 0.00086741, 0.00158301, 0.00312753, 0.00708419, 0.01203113,  0.03065546, 0.04815659, 0.04089284, 0.02912149, 0.02275261, 0.02255653,  0.01943888, 0.01541777, 0.01763565, 0.0221604 , 0.02375719, 0.02710973
Bayside-Bayside Hills, 0.00427797, 0.00498951, 0.00546866, 0.00433654, 0.00244202, 0.00142184,  0.00070958, 0.00054084, 0.00076928, 0.00158789, 0.00380242, 0.00370159,  0.00896688, 0.015039  , 0.01553266, 0.0106822 , 0.00902024, 0.00671485,  0.00438985, 0.00292874, 0.00250821, 0.00339697, 0.00331169, 0.00366559
Bedford, 0.08037551, 0.09666696, 0.11949986, 0.12698202, 0.06184962, 0.01427089,  0.00088345,-0.00118474,-0.00302665,-0.00482794,-0.00709485,-0.00260246,  0.01956638, 0.03291027, 0.04196005, 0.03286992, 0.02869688, 0.02719829,  0.02010971, 0.01475973, 0.01988581, 0.02930014, 0.03780778, 0.05718826
Bedford Park-Fordham North,  5.24745412e-03,  5.20788629e-03,  7.32567461e-03,  9.17957152e-03,   5.57905537e-03,  2.25394904e-03,  5.08557794e-05,  2.47766247e-05,   2.32844504e-04,  7.10876704e-04,  2.52822927e-03,  4.78261172e-03,   5.73562758e-03,  7.88330435e-03,  1.10110773e-02,  8.41041805e-03,   5.30506940e-03,  4.36508482e-03,  1.65061496e-03,  9.13494305e-04,   1.22585428e-03,  2.27930276e-03,  2.68761316e-03,  3.21200808e-03
Bellerose, 0.00131645, 0.00152785, 0.00162008, 0.00133118, 0.00060741, 0.00029795,  0.00017792, 0.00018605, 0.00033513, 0.00061343, 0.00101698, 0.00125507,  0.00318979, 0.00414364, 0.00497294, 0.0037154 , 0.00240173, 0.0018516 ,  0.00133756, 0.00079697, 0.00081991, 0.00125478, 0.00097203, 0.00135232
Belmont,  1.57208297e-03,  3.04839098e-03,  5.28027205e-03,  4.10683033e-03,   2.02188151e-03,  9.35543233e-04,  6.09262815e-04,  9.90375891e-04,   8.82925765e-04,  1.27995990e-03,  2.09115338e-03,  2.47264359e-03,   8.37938172e-03,  4.25151722e-03,  1.99599597e-03, -8.47088296e-04,   5.02867814e-04, -4.98166331e-04,  4.31934494e-04,  2.93155415e-04,  -4.11484770e-08,  3.23391922e-04,  7.80006988e-04,  1.14065057e-03
Bensonhurst East, 0.00438408, 0.00456893, 0.00802542, 0.0049491 , 0.00304422, 0.0016812 ,  0.00071626, 0.00050052, 0.00050333, 0.0008434 , 0.00203189, 0.00251816,  0.00624969, 0.0113353 , 0.00977537, 0.0065362 , 0.00471339, 0.00358504,  0.00330534, 0.0020445 , 0.00237648, 0.0029845 , 0.00318536, 0.00373514
Bensonhurst West, 0.00642434, 0.00710048, 0.01008428, 0.01270178, 0.00620926, 0.00295638,  0.00060926, 0.00043601, 0.00058516, 0.00107337, 0.00189114, 0.00397469,  0.01143928, 0.01298938, 0.01252763, 0.00810751, 0.00567659, 0.00486586,  0.00314881, 0.00285677, 0.00379324, 0.00471421, 0.00517634, 0.00634475
Borough Park, 0.00584072, 0.00639682, 0.00721802, 0.00707391, 0.00416459, 0.00330219,  0.00273923, 0.0025305 , 0.00213536, 0.00385643, 0.00649154, 0.01049495,  0.02671431, 0.03513969, 0.02735618, 0.0192771 , 0.01393252, 0.00849644,  0.0057986 , 0.00356279, 0.0030405 , 0.00366308, 0.00351887, 0.00398612
Breezy Point-Belle Harbor-Rockaway Park-Broad Channel, 0.00143221, 0.00175431, 0.00127021, 0.00117804, 0.00021529, 0.00051409,  0.00018795, 0.00010743, 0.0001692 , 0.00027822, 0.00059472, 0.00056095,  0.00262677, 0.00443131, 0.00384956, 0.00316639, 0.00223661, 0.00150492,  0.00128725, 0.00085523, 0.00065592, 0.00084231, 0.00104783, 0.00115879
Briarwood-Jamaica Hills, 0.0134471 , 0.01387822, 0.01320621, 0.01252949, 0.00597118, 0.00195136,  0.00055576, 0.00048843, 0.00068972, 0.00118641, 0.00393576, 0.00725189,  0.01709398, 0.02981786, 0.03078247, 0.02340417, 0.02156926, 0.0195808 ,  0.01559836, 0.01190138, 0.0098582 , 0.01031317, 0.00933013, 0.01195707
Brighton Beach, 0.00245957, 0.00291898, 0.00305993, 0.00203945, 0.0014757 , 0.00130297,  0.00054573, 0.00084725, 0.00141936, 0.00161517, 0.00131331, 0.00107301,  0.00380177, 0.00921376, 0.00657375, 0.00555176, 0.00238797, 0.00260276,  0.0029811 , 0.00229812, 0.00185762, 0.0018349 , 0.00214186, 0.00200246
Bronxdale, 0.00318307, 0.00379249, 0.00486312, 0.0048151 , 0.00319827, 0.00133539,  0.00031836, 0.00043601, 0.0003965 , 0.00040295, 0.00158   , 0.00240437,  0.00693511, 0.01255788, 0.00766904, 0.00716094, 0.00480971, 0.00412433,  0.00308173, 0.00158182, 0.00144092, 0.00155548, 0.00160622, 0.00236835
Brooklyn Heights-Cobble Hill, 0.03311178, 0.0242713 , 0.02765859, 0.02504864, 0.00254005,-0.01103818, -0.02194436,-0.01921665,-0.0156055 ,-0.03603397,-0.0406682 ,-0.03218826, -0.0321337 ,-0.00416272, 0.0052257 ,-0.03229232,-0.03567188,-0.01937336, -0.00306758, 0.01416681, 0.02448561, 0.04056193, 0.03897256, 0.03823156
Brownsville, 0.00647258, 0.00729459, 0.00810616, 0.00768646, 0.00427663, 0.00244847,  0.00258542, 0.00052068, 0.00033513, 0.00086679, 0.00300975, 0.00491916,  0.01359345, 0.02039679, 0.01539224, 0.01164771, 0.01057511, 0.00711932,  0.005452  , 0.00349767, 0.00296523, 0.00359389, 0.00351887, 0.00452135
Bushwick North, 0.06700044, 0.08708268, 0.11180268, 0.11425231, 0.06743747, 0.017059  ,  0.00345814, 0.00222207, 0.00196261, 0.00440602, 0.00942514, 0.01491006,  0.03312786, 0.05236371, 0.03752272, 0.02946225, 0.02414236, 0.02239282,  0.01882954, 0.01529782, 0.01450101, 0.0179399 , 0.02104106, 0.03361712
Bushwick South, 0.08268106, 0.10640491, 0.15063842, 0.16004098, 0.08970482, 0.02199762,  0.00413024, 0.00222005, 0.00202398, 0.00520118, 0.01192166, 0.02047446,  0.04181798, 0.0722846 , 0.05757496, 0.04146483, 0.03321013, 0.03418982,  0.02739384, 0.02147036, 0.02380814, 0.03019161, 0.03602651, 0.05220793
Cambria Heights, 0.00108493, 0.00147932, 0.00140477, 0.00110147, 0.0005654 , 0.00071941,  0.00060592, 0.00048641, 0.00047378, 0.00070698, 0.00131331, 0.00267747,  0.00507469, 0.01097572, 0.01050556, 0.00468091, 0.0036814 , 0.0024872 ,  0.00143818, 0.00094091, 0.00088443, 0.00080771, 0.00080275, 0.0010832 
Canarsie, 0.0072829 , 0.00819236, 0.00826764, 0.00757161, 0.00445869, 0.00197298,  0.00102054, 0.00059728, 0.00080564, 0.00149824, 0.00329126, 0.00454365,  0.00962782, 0.01615371, 0.01665603, 0.01227245, 0.00987335, 0.00803419,  0.00451843, 0.00365532, 0.00357549, 0.00353534, 0.00355677, 0.00482071
Carroll Gardens-Columbia Street-Red Hook, 0.04517491, 0.04238841, 0.03783178, 0.03419871, 0.00992049,-0.02306593, -0.02421812,-0.03057605,-0.04971885,-0.05940146,-0.04633537,-0.02438216, -0.01458211, 0.01838312, 0.04533017, 0.03394902, 0.03816369, 0.04902995,  0.04786544, 0.0377157 , 0.03852157, 0.04154654, 0.04038242, 0.04147013
Central Harlem North-Polo Grounds, 0.07473223, 0.08422762, 0.09900546, 0.10669106, 0.04857324,-0.00888766, -0.01491913,-0.01759993,-0.0226632 ,-0.01892639,-0.00436127, 0.02777988,  0.0815722 , 0.14154026, 0.11809676, 0.12224556, 0.0916071 , 0.08079035,  0.06094669, 0.04518033, 0.04132016, 0.05125425, 0.05229043, 0.06218976
Central Harlem South, 0.02828846, 0.03779443, 0.04137086, 0.04890009, 0.01189514,-0.02823148, -0.01573835,-0.0311667 ,-0.04443865,-0.04193528,-0.03667526,-0.02107082, -0.0446181 ,-0.09024686,-0.07121994, 0.0120642 , 0.03753073, 0.03247564,  0.02869638, 0.02661472, 0.02458776, 0.02251965, 0.01834009, 0.02187539
Charleston-Richmond Valley-Tottenville,  4.50340753e-06,  7.30395685e-06,  5.28651976e-06,  1.03525330e-05,   5.21600700e-06,  6.17520286e-06,  2.74494965e-05,  1.46973004e-05,   9.97341736e-07,  1.47162972e-06,  1.68949258e-05,  3.36730049e-06,   3.74681708e-04, -6.34773866e-05,  1.42427853e-04,  2.37609716e-05,   7.51177664e-06,  1.27796689e-04,  1.48313482e-06,  1.83604644e-06,   1.04805171e-04,  8.92148420e-05,  8.51835489e-05,  1.24627037e-04
Chinatown,-0.16526179,-0.23115575,-0.29823325,-0.32477908,-0.18313322,-0.0629423 , -0.02471968,-0.01417901,-0.0098025 ,-0.01392158, 0.00492103, 0.05567019,  0.16499733, 0.19195378, 0.0945059 , 0.05024905, 0.02661914, 0.09086354,  0.14892088, 0.11938794, 0.05712507,-0.00370286,-0.05787572,-0.10022282
Claremont-Bathgate, 0.00351588, 0.00389763, 0.00497077, 0.00537023, 0.00235799, 0.00182168,  0.00221092, 0.0017685 , 0.00183986, 0.0013891 , 0.00229117, 0.00579536,  0.01014188, 0.01396026, 0.00797797, 0.00750171, 0.00637834, 0.00613704,  0.00404325, 0.00316865, 0.00225819, 0.00189078, 0.0014243 , 0.00208108
Clinton,-0.03285679,-0.06396876,-0.07680496,-0.15188475,-0.19820219,-0.28159234, -0.17385448,-0.16321996,-0.12606703,-0.1617234 ,-0.15836755,-0.07619144,  0.00950543, 0.19612494, 0.20810715, 0.26767739, 0.2214867 , 0.24133542,  0.0581236 , 0.06703614, 0.04887716, 0.00055225,-0.04781721,-0.02379124
Clinton Hill, 0.05321539, 0.05602477, 0.05812432, 0.05450882, 0.02137627,-0.00397066, -0.00538275,-0.00615587,-0.00916151,-0.0210702 ,-0.02625211,-0.02051325, -0.01747066, 0.02481966, 0.02842338, 0.03031417, 0.03027927, 0.03917826,  0.0397204 , 0.02975068, 0.03111781, 0.04027986, 0.04348007, 0.05055689
Co-op City, 0.00216053, 0.00247414, 0.00226599, 0.00299657, 0.00151772, 0.00134619,  0.00062264, 0.00077669, 0.00078519, 0.00167364, 0.00306902, 0.00475985,  0.01031324, 0.01539859, 0.01452162, 0.00990601, 0.00878632, 0.0054533 ,  0.00337801, 0.0021199 , 0.00186569, 0.00140646, 0.00165675, 0.00177869
College Point, 0.00506417, 0.00610565, 0.0072853 , 0.00854787, 0.00595718, 0.00312928,  0.00135158, 0.00103674, 0.00229901, 0.00355629, 0.00531366, 0.00627328,  0.01391168, 0.0230577 , 0.0206721 , 0.01454423, 0.01225381, 0.01035507,  0.00708436, 0.00501253, 0.00355129, 0.00399039, 0.00374627, 0.00430363
Corona, 0.02713086, 0.04222665, 0.04765509, 0.06274006, 0.04643054, 0.01234732,  0.00255867, 0.00087547, 0.00056016, 0.0019348 , 0.00692121, 0.01493282,  0.03917422, 0.06804152, 0.07740252, 0.05607995, 0.04684618, 0.0439741 ,  0.02964113, 0.02032222, 0.01812762, 0.01746888, 0.01410798, 0.01674992
Crotona Park East,  2.22805472e-03,  2.23150325e-03,  2.37364737e-03,  3.11142451e-03,   1.97986764e-03,  8.59896998e-04,  5.12293928e-04,  4.74314488e-04,   2.60004671e-05,  3.79561147e-04,  1.01698382e-03,  2.60919343e-03,   4.60958416e-03,  1.01846348e-02,  8.34306256e-03,  2.56058275e-03,   3.19980624e-03,  3.71986140e-03,  2.31026770e-03,  1.26650483e-03,   1.07261735e-03,  1.05253420e-03,  1.22974725e-03,  1.69099666e-03
Crown Heights North, 0.08777449, 0.0948229 , 0.10245035, 0.10184802, 0.04343355, 0.00620917, -0.00154077,-0.00328124,-0.00352217,-0.00253212, 0.00207634, 0.01064288,  0.03993308, 0.06545252, 0.06206845, 0.06410691, 0.05135942, 0.04655499,  0.03279964, 0.02851686, 0.03022258, 0.04160509, 0.05184827, 0.06723056
Crown Heights South,  2.31323311e-02,  2.53712638e-02,  2.66089763e-02,  2.87814092e-02,   1.23993061e-02,  3.69122751e-03,  5.82512777e-04,  3.75537110e-04,  -5.82169246e-06,  5.47167841e-04,  2.56526960e-03,  5.85225214e-03,   1.63840817e-02,  2.55028657e-02,  2.50813444e-02,  1.86334312e-02,   1.60790632e-02,  1.37352697e-02,  1.10087393e-02,  7.43904815e-03,   8.08119055e-03,  1.01588293e-02,  1.28143490e-02,  1.74696003e-02
Cypress Hills-City Line, 0.00490017, 0.00496525, 0.00661248, 0.00598279, 0.00426262, 0.00161636,  0.0006962 , 0.00027474, 0.00041014, 0.00091746, 0.00210597, 0.00355366,  0.00642105, 0.01147913, 0.00873624, 0.00596825, 0.00560779, 0.00436508,  0.00349541, 0.00250376, 0.00224206, 0.00254009, 0.00260423, 0.00313641
DUMBO-Vinegar Hill-Downtown Brooklyn-Boerum Hill, 0.00756265, 0.00739973, 0.00946527, 0.00812674,-0.0079074 ,-0.03130056, -0.02584652,-0.02261742,-0.02471346,-0.01912518,-0.01925889,-0.05821238, -0.15430941,-0.16198365,-0.14418313,-0.13552582,-0.15198423,-0.16571388, -0.1301234 ,-0.06390335,-0.02268448, 0.00299514, 0.01071219, 0.01138555
Douglas Manor-Douglaston-Little Neck, 0.00152867, 0.00140653, 0.00133749, 0.00136946, 0.00048137, 0.00075183,  0.00044208, 0.00028079, 0.00033513, 0.00060953, 0.00101698, 0.001403  ,  0.00372833, 0.00709222, 0.00786563, 0.00481343, 0.00346124, 0.0027761 ,  0.00199721, 0.00112256, 0.00155384, 0.00141711, 0.00126512, 0.00152771
Dyker Heights, 0.00489053, 0.00531303, 0.00708346, 0.0087393 , 0.00429063, 0.00136781,  0.00033842, 0.00046222, 0.00064881, 0.00078494, 0.00180224, 0.00252954,  0.00607834, 0.01000484, 0.00957877, 0.00610077, 0.00445196, 0.00431693,  0.003842  , 0.00261686, 0.00292759, 0.00402233, 0.00414548, 0.00443366
East Concourse-Concourse Village, 0.00981514, 0.01168637, 0.01408089, 0.01675997, 0.01042465, 0.00403704,  0.00193673, 0.00198621, 0.00409242, 0.0064173 , 0.00570629, 0.00177852,  0.00576011, 0.01111955, 0.02227291, 0.00451053, 0.0065985 , 0.010461  ,  0.0093652 , 0.00726426, 0.00591437, 0.00654505, 0.00619205, 0.00722772
East Elmhurst, 0.01406931, 0.01964496, 0.02004216, 0.02564205, 0.01947164, 0.00311848,  0.0010172 , 0.00089563, 0.00076473, 0.0017516 , 0.00580259, 0.01306664,  0.03109608, 0.05696637, 0.06448371, 0.04833696, 0.0369253 , 0.02857541,  0.01969603, 0.01327229, 0.01203578, 0.01222651, 0.01029024, 0.01117691
East Flatbush-Farragut, 0.00733595, 0.00997172, 0.00926342, 0.00904557, 0.005425  , 0.00363719,  0.00097708, 0.00079685, 0.00100112, 0.00188412, 0.00309124, 0.00614811,  0.01207574, 0.01500305, 0.01603818, 0.01267001, 0.01007975, 0.00740823,  0.00587127, 0.00436477, 0.00366689, 0.00437891, 0.00443099, 0.00578835
East Flushing, 0.003458  , 0.00376013, 0.00410955, 0.00370484, 0.00315626, 0.00121651,  0.00086339, 0.00046424, 0.00082155, 0.00131504, 0.00235044, 0.00326918,  0.00664136, 0.01288151, 0.01137617, 0.00695269, 0.00613066, 0.00528958,  0.00368548, 0.00273338, 0.00176622, 0.00239107, 0.00225556, 0.00276145
East Harlem North, 0.04961719, 0.066248  , 0.07844378, 0.08567268, 0.03538089, 0.0056148 ,  0.01332222, 0.00458265,-0.01428261,-0.02188874,-0.01388064, 0.00546536,  0.02646951, 0.07239247, 0.08057605, 0.10187526, 0.07666386, 0.06078843,  0.02232905, 0.01835153, 0.02551525, 0.03285538, 0.03159479, 0.04340844
East Harlem South,  8.16151070e-02,  9.26714903e-02,  1.00956668e-01,  9.83449620e-02,   3.90080870e-02, -1.15028591e-02,  3.94402862e-02,  1.96935700e-02,   1.96033317e-03, -6.45568163e-04,  7.41755276e-03, -1.92956769e-02,  -2.06529553e-02,  6.29714022e-02,  2.00602610e-06, -1.38403410e-01,  -1.61120799e-01, -1.15203482e-01, -3.21817438e-02,  1.16711352e-03,   3.06527213e-02,  5.59085153e-02,  6.18057180e-02,  6.74029237e-02
East New York, 0.00888424, 0.0111283 , 0.01214314, 0.01319948, 0.00695151, 0.00333461,  0.00175617, 0.00140161, 0.00153983, 0.00265979, 0.00474324, 0.00732016,  0.01660439, 0.02636586, 0.02053168, 0.01751647, 0.01005223, 0.00828458,  0.00621228, 0.00441961, 0.00326095, 0.00359921, 0.00415559, 0.00548899
East New York (Pennsylvania Ave), 0.00290814, 0.00380866, 0.00474201, 0.00489167, 0.00311424, 0.00150829,  0.00058251, 0.00025459, 0.00034195, 0.00062123, 0.00164667, 0.00233609,  0.00546636, 0.0076316 , 0.00820264, 0.00445373, 0.00439692, 0.00312279,  0.00279103, 0.00172233, 0.0015861 , 0.0016912 , 0.00141672, 0.00182707
East Tremont,  3.04319609e-03,  3.65499079e-03,  3.45017503e-03,  6.02107229e-03,   2.73611720e-03,  1.74603861e-03,  8.06544342e-04,  4.82377947e-04,   1.73746208e-04, -7.25871418e-05,  1.23922580e-03,  3.33745924e-03,   7.22885908e-03,  1.04723011e-02,  8.48348439e-03,  6.32795241e-03,   4.53451556e-03,  3.14204939e-03,  1.46613581e-03,  1.01631291e-03,   1.36564937e-03,  1.49161622e-03,  1.47735706e-03,  2.23831886e-03
East Village,-0.18749248,-0.25548445,-0.33305891,-0.39914738,-0.28790179,-0.18834214, -0.11443596,-0.07964825,-0.06910537,-0.17924804,-0.26892553,-0.17942312, -0.1887027 ,-0.33990526,-0.19861063,-0.09289207, 0.03788849, 0.17577302,  0.25304539, 0.22034552, 0.12914912,-0.00375342,-0.08645444,-0.14433215
East Williamsburg, 0.05816894, 0.05765855, 0.05540609, 0.03241847, 0.02246863, 0.00570126,  0.00283286, 0.00093595, 0.00091247, 0.00168923, 0.00972887, 0.01620728,  0.03976172, 0.07077435, 0.0673764 , 0.05079806, 0.03711793, 0.04002572,  0.03324127, 0.02606292, 0.02364415, 0.03493902, 0.03944756, 0.04654118
Eastchester-Edenwald-Baychester, 0.00166373, 0.00219106, 0.00211797, 0.00196288, 0.0008735 , 0.00084909,  0.00023142, 0.00026668, 0.00029649, 0.00069529, 0.00140961, 0.00186955,  0.00505021, 0.00795522, 0.00736011, 0.00477557, 0.00461707, 0.00291092,  0.00195808, 0.00128364, 0.0009839 , 0.00091948, 0.00120448, 0.00135837
Elmhurst,-0.01360691,-0.01724439,-0.01865901,-0.06026913,-0.06753907,-0.02025621, -0.00318924,-0.0028942 ,-0.00326532,-0.00523331,-0.01347319,-0.03470305, -0.09531453,-0.17683442,-0.21189453,-0.16761472,-0.15267223,-0.12773237, -0.08248865,-0.05517405,-0.04257571,-0.03930842,-0.02319519,-0.01677281
Elmhurst-Maspeth, 0.01501468, 0.02115742, 0.02888314, 0.0274223 , 0.01427593,-0.00174449, -0.00014643, 0.00086338, 0.00153301, 0.00212579, 0.00478028, 0.00640983,  0.01790179, 0.04233134, 0.03712954, 0.03180976, 0.02331677, 0.02032233,  0.01333429, 0.00928293, 0.0081027 , 0.00897198, 0.00885007, 0.01157001
Erasmus,  5.94683577e-03,  8.30558930e-03,  7.56789333e-03,  7.60989311e-03,   5.71910159e-03,  8.16670578e-04, -1.73175786e-04, -6.92871264e-04,  -5.89985622e-04,  9.50195516e-05,  1.21700160e-03,  1.98333999e-03,   3.41010312e-03,  1.73443703e-03,  4.94485434e-03,  2.33340468e-03,   1.82381725e-03,  2.46793536e-03,  2.04752466e-03,  2.46262789e-03,   2.51895889e-03,  2.62790728e-03,  2.34904464e-03,  3.65047062e-03
Far Rockaway-Bayswater, 0.0010174 , 0.00159255, 0.00089342, 0.00091005, 0.00066343, 0.00077344,  0.00052233, 0.00032917, 0.0003965 , 0.00044582, 0.00097254, 0.0011868 ,  0.00355698, 0.00471897, 0.00508528, 0.00312853, 0.00270445, 0.00115823,  0.00105246, 0.00049537, 0.00051881, 0.00056023, 0.00057535, 0.000678  
Flatbush, 0.04070369, 0.04533244, 0.0549082 , 0.05460453, 0.02808448, 0.0074087 ,  0.00145189,-0.00092268,-0.00077637, 0.00218036, 0.00673601, 0.01244078,  0.02664087, 0.03618248, 0.03339432, 0.02891324, 0.02218845, 0.01847333,  0.01614061, 0.01378296, 0.01548227, 0.01917199, 0.02311037, 0.03111032
Flatlands, 0.00731184, 0.00852397, 0.00957293, 0.00956242, 0.00401054, 0.00209185,  0.00090351, 0.00045214, 0.00045105, 0.00125657, 0.00289122, 0.00511261,  0.01085178, 0.01572221, 0.01690879, 0.01257535, 0.01010727, 0.00766824,  0.00566443, 0.00400491, 0.00418575, 0.00422457, 0.00444867, 0.00578835
Flushing,-0.00771763,-0.01161515,-0.01242861,-0.00940772,-0.00199744, 0.00030876, -0.00033702,-0.00135206,-0.00130598,-0.0016668 , 0.0005725 , 0.00061784, -0.00040865,-0.01031159,-0.00426682,-0.00306207,-0.00998217,-0.01324855, -0.00975914,-0.00593422,-0.00444122,-0.00354851,-0.00319691,-0.00314116
Fordham South,  2.00618192e-03,  2.91089503e-03,  5.11879290e-03,  3.18799419e-03,   2.62408023e-03,  8.49090393e-04,  8.09495717e-05,  3.13045299e-04,   1.66927174e-04,  1.02815212e-04,  1.20959354e-03,  2.30195629e-03,   2.84708140e-03,  2.05806163e-03,  2.13641780e-03,  3.82899364e-03,   2.20909416e-03, -4.11494528e-04,  5.94052538e-04,  3.95974015e-04,   3.87083723e-04,  7.70457258e-04,  7.19367851e-04,  1.78776080e-03
Forest Hills, 0.00454807,-0.00294482,-0.00380293,-0.00090848,-0.00188541,-0.00648859, -0.00399174,-0.00472259,-0.00736356,-0.00987953,-0.00923578,-0.01133027, -0.0155368 ,-0.0240117 ,-0.02134211,-0.0228455 ,-0.01900866,-0.01727398, -0.0114474 ,-0.00378874, 0.00311309, 0.01006835, 0.00994662, 0.00927791
Fort Greene,-0.00223834,-0.00310658, 0.00323487, 0.01530515,-0.00019085,-0.00481357, -0.00336312,-0.00388802,-0.00627024,-0.0180143 ,-0.02164429,-0.02109358, -0.05012592,-0.05745291,-0.06189594,-0.04416237,-0.0506564 ,-0.02495888, -0.00952994,-0.00207167,-0.00243033,-0.00532613,-0.00763873,-0.00589289
Fresh Meadows-Utopia, 0.00231487, 0.0023043 , 0.00273698, 0.00269029, 0.00160174, 0.00129216,  0.00050226, 0.00052068, 0.00074427, 0.00134622, 0.00238748, 0.00328056,  0.00737573, 0.01651329, 0.01233104, 0.00897836, 0.00724521, 0.00567479,  0.00402089, 0.0020445 , 0.00209957, 0.00252679, 0.00222524, 0.00220506
Ft. Totten-Bay Terrace-Clearview, 0.0022377 , 0.00308074, 0.00273698, 0.00177146, 0.00101355, 0.00108684,  0.00041533, 0.00033925, 0.0003715 , 0.00071088, 0.00154296, 0.00219954,  0.00394865, 0.00986101, 0.00738819, 0.00672551, 0.0042318 , 0.00365245,  0.0020643 , 0.00153041, 0.00161567, 0.00178966, 0.00169212, 0.00190267
Georgetown-Marine Park-Bergen Beach-Mill Basin, 0.00340012, 0.00414027, 0.00455362, 0.00403026, 0.00230197, 0.00134619,  0.00062933, 0.00050052, 0.00060789, 0.00126437, 0.00193558, 0.00378125,  0.00855074, 0.01529071, 0.01030897, 0.00880798, 0.00725897, 0.00412433,  0.00350659, 0.00252432, 0.00206194, 0.00219947, 0.00271288, 0.00299429
Glen Oaks-Floral Park-New Hyde Park, 0.00105599, 0.00125286, 0.00129712, 0.00048891, 0.00041135, 0.00109764,  0.00032504, 0.00037151, 0.0003374 , 0.00053937, 0.00137257, 0.00122094,  0.00358146, 0.0072001 , 0.00632099, 0.00403724, 0.00311725, 0.00261239,  0.00126489, 0.0008895 , 0.00093282, 0.00110842, 0.00136113, 0.00129789
Glendale, 0.00745654, 0.00951879, 0.00915577, 0.01074925, 0.00685348, 0.00293477,  0.00054239, 0.00069001, 0.00068972, 0.00149044, 0.00291345, 0.00474847,  0.01254085, 0.01917421, 0.01952064, 0.01528255, 0.0118823 , 0.01145291,  0.00824155, 0.00585564, 0.00455674, 0.00502556, 0.00473166, 0.00596374
Gramercy,-0.05025451,-0.05656015,-0.06486896,-0.05404784,-0.07007391,-0.11287962, -0.07233475,-0.0523998 ,-0.05479449,-0.10223082,-0.14228464,-0.13959609, -0.1916402 ,-0.38431375,-0.35341165,-0.22673782,-0.12764299,-0.06861257, -0.03886772,-0.01592134,-0.01602271,-0.02543343,-0.03999223,-0.06438077
Grasmere-Arrochar-Ft. Wadsworth,  6.41181875e-04,  5.97727768e-04,  7.05029499e-04,  7.56906898e-04,   5.21600700e-06,  1.79080883e-04,  4.75120247e-05,  3.08242193e-05,   3.96385355e-05,  5.21434207e-05,  1.94688507e-04,  2.76466982e-04,   8.88745011e-04,  1.55464559e-03,  1.01304318e-03,  4.97048617e-04,   4.34068364e-04,  2.62619493e-04,  3.42490056e-04,  3.71983008e-04,   3.84395356e-04,  5.65552313e-04,  6.89048283e-04,  4.57253790e-04
Gravesend, 0.00179396, 0.00163299, 0.0018623 , 0.00171403, 0.00073346, 0.00068699,  0.00025148, 0.00031103, 0.0004806 , 0.00080053, 0.0009355 , 0.00169886,  0.00468302, 0.00637306, 0.00502911, 0.00426442, 0.00307597, 0.00302649,  0.00196926, 0.00139674, 0.00131188, 0.00142243, 0.00117669, 0.00154887
Great Kills,  4.50340753e-06,  7.30395685e-06,  4.08984392e-04,  1.03525330e-05,   5.21600700e-06,  6.17520286e-06,  6.99458892e-07,  5.86246412e-07,   2.14544443e-05,  9.11217215e-05,  2.07879400e-06,  3.36730049e-06,   7.49363416e-06,  8.43919013e-06,  3.39018411e-04,  1.75213018e-04,   7.51177664e-06,  2.60408478e-06,  2.13913676e-04,  1.83604644e-06,   2.64721869e-06,  2.64847652e-04,  1.80473621e-06,  2.45582220e-04
Greenpoint, 0.07593806, 0.07524186, 0.08250768, 0.07569948, 0.03952626, 0.01735078,  0.00081992,-0.00330342,-0.00542013,-0.01173489, 0.00172816, 0.01627556,  0.04294402, 0.07257227, 0.07639148, 0.05606102, 0.04355756, 0.05229459,  0.04996179, 0.0484294 , 0.05137466, 0.06041909, 0.0590719 , 0.06853688
Grymes Hill-Clifton-Fox Hills,  3.75899180e-04,  2.01415895e-04,  5.83920137e-04,  2.40061568e-04,   1.87276087e-04,  6.17520286e-06,  4.75120247e-05,  6.91256515e-05,   4.19115469e-05,  9.50195516e-05,  1.05791717e-04,  1.51296295e-04,   3.50202503e-04,  9.07396400e-04,  4.79440238e-04,  2.32007536e-04,   4.61588144e-04,  1.85577891e-04,  1.97142843e-04,  9.78000736e-05,   1.39753944e-04,  1.74370144e-04,  3.85852601e-04,  3.27226969e-04
Hamilton Heights, 0.06326719, 0.07689181, 0.09545292, 0.08896518, 0.0454222 ,-0.00098803, -0.01055553,-0.01712419,-0.02030609,-0.02135084,-0.01605861,-0.00594793,  0.01716742, 0.04229539, 0.06248972, 0.06304674, 0.06048223, 0.06208851,  0.04059808, 0.02694716, 0.02840793, 0.03268773, 0.03406331, 0.04537396
Hammels-Arverne-Edgemere,  8.72701318e-04,  1.04256763e-03,  1.48551205e-03,  9.86615933e-04,   6.77437840e-04,  5.35698848e-04,  2.01324741e-04,  8.72684352e-05,   1.03282855e-04,  2.00260964e-04,  4.02114353e-04,  8.34045498e-04,   9.37703421e-04,  2.70531082e-03,  3.00703313e-03,  1.72759649e-03,   1.21838209e-03,  7.63389909e-04,  6.44365035e-04,  5.63911063e-04,   3.22562911e-04,  3.50002954e-04,  4.97024351e-04,  5.87280612e-04
Highbridge, 0.0106351 , 0.01205033, 0.01814478, 0.01233807, 0.00706355, 0.00325896,  0.00043873, 0.00057309,-0.00038087, 0.00022365, 0.00383205, 0.00967565,  0.02037419, 0.03485202, 0.02800212, 0.02300661, 0.01961535, 0.01858889,  0.01222183, 0.0071443 , 0.0054681 , 0.00478074, 0.00409242, 0.0069344 
Hollis, 0.00128268, 0.00152785, 0.0011491 , 0.00123547, 0.00077547, 0.0005357 ,  0.0003217 , 0.00017798, 0.00026239, 0.00046921, 0.00101698, 0.00157369,  0.00348354, 0.00256148, 0.00525378, 0.00312853, 0.00322733, 0.00200569,  0.00104127, 0.00086551, 0.00088443, 0.00098601, 0.00084317, 0.00106203
Homecrest, 0.00465901, 0.00476305, 0.00536101, 0.00512138, 0.00291818, 0.00189733,  0.00052233, 0.00045012, 0.00040105, 0.00106168, 0.00235784, 0.00396331,  0.00926063, 0.01439175, 0.01519565, 0.00952738, 0.00698378, 0.00496216,  0.00451843, 0.00311381, 0.00222324, 0.0029366 , 0.00278363, 0.00383493
Hudson Yards-Chelsea-Flatiron-Union Square, -2.98795454e-01, -3.82271894e-01, -6.04855236e-01, -7.44227779e-01,  -3.33626883e-01,  2.72712396e-02,  7.09183076e-05,  3.26434859e-02,   1.94154812e-01,  5.31423829e-01,  6.01870393e-01,  5.24855438e-01,   4.73386358e-01, -2.06032553e-01, -4.09468042e-01, -4.02687231e-01,  -3.98478900e-01, -2.30062881e-01, -2.08672391e-01, -2.29341907e-01,  -2.44453268e-01, -2.59357701e-01, -1.89854278e-01, -1.93222233e-01
Hunters Point-Sunnyside-West Maspeth, 0.09079389, 0.0979206 , 0.12285055, 0.12391923, 0.0814841 ,-0.00883363, -0.02598027,-0.01282838,-0.00902513, 0.00433976, 0.00702493,-0.00206764,  0.01244293, 0.07278801, 0.06057998, 0.03784891, 0.00753417, 0.01470792,  0.02395023, 0.02921946, 0.0459092 , 0.06991124, 0.06710406, 0.07880295
Hunts Point, 0.00403198, 0.00356602, 0.00370585, 0.00527452, 0.00529896, 0.00646852,  0.00161239, 0.00209305, 0.0018876 , 0.00267928, 0.00451359, 0.00458917,  0.00747365, 0.01126338, 0.00966303, 0.00481343, 0.00304845, 0.00151455,  0.00152204, 0.00097519, 0.00141942, 0.00141178, 0.00136113, 0.00232601
JFK,-0.33284328,-0.31937154,-0.14893232,-0.01136024, 0.26078527, 0.14376644, -0.02459262,-0.04707591,-0.03893114,-0.02972338,-0.11614899,-0.13980091, -0.26806428,-0.63627347,-0.57825508,-0.67808385,-0.68791818,-0.50177898, -0.26571558,-0.21700368,-0.19859241,-0.21596309,-0.21562086,-0.25765506
Jackson Heights, 0.03904447, 0.03487466, 0.02413296,-0.05318643,-0.10938488,-0.03642289, -0.00708472,-0.00395454,-0.00524057,-0.0023762 , 0.00342461, 0.01170114,  0.02372784, 0.0315079 , 0.05153682, 0.04216529, 0.029206  , 0.02658196,  0.02250794, 0.0161752 , 0.01978634, 0.02571298, 0.02450507, 0.03329659
Jamaica,-0.00852795,-0.01400111,-0.00736893,-0.00274616,-0.00026087,-0.00157159, -0.00183168,-0.00111419,-0.00200834,-0.00060269,-0.00313153,-0.00808721, -0.01301544,-0.03242594,-0.03069421,-0.03128895,-0.02482909,-0.02717382, -0.02175588,-0.01277509,-0.00917813,-0.00745501,-0.00746944,-0.00776165
Jamaica Estates-Holliswood, 0.00463007, 0.00512701, 0.00408264, 0.00381969, 0.00210591, 0.00158394,  0.00086339, 0.00075855, 0.00101249, 0.00147875, 0.00250601, 0.00406573,  0.00989709, 0.01708863, 0.01606626, 0.01066327, 0.00813961, 0.00714821,  0.00466377, 0.0035148 , 0.00337655, 0.00350341, 0.00372353, 0.004098  
Kensington-Ocean Parkway, 0.01311912, 0.01399145, 0.01671838, 0.01608998, 0.00889815, 0.00213508, -0.00031027,-0.00064449,-0.00088548, 0.00020416, 0.00238007, 0.00405435,  0.00997053, 0.01489517, 0.01730198, 0.01333261, 0.00869   , 0.00866978,  0.00580419, 0.0059002 , 0.0066698 , 0.00838121, 0.00941856, 0.01149139
Kew Gardens, -7.26697401e-05, -1.86807981e-04,  2.13142865e-03,  3.83883645e-03,   1.83982143e-03,  1.57467673e-04, -1.09605208e-03, -2.45070542e-03,  -2.47431207e-03, -4.34071108e-03, -9.71730367e-03, -1.68832963e-02,  -3.75436067e-02, -4.47596298e-02, -3.30532921e-02, -3.35796618e-02,  -2.61362791e-02, -2.01341448e-02, -1.83569878e-02, -1.16406568e-02,  -5.04072959e-03, -2.55592173e-03, -1.33730953e-03, -1.20307209e-04
Kew Gardens Hills, 0.01027336, 0.01219592, 0.01225079, 0.01120867, 0.00469676, 0.00304283,  0.00172608, 0.00180277, 0.00245812, 0.00391879, 0.00870656, 0.01327146,  0.02644503, 0.05275925, 0.04313959, 0.02872392, 0.02547707, 0.01992749,  0.01429023, 0.00920753, 0.00755965, 0.00858612, 0.00830431, 0.00957425
Kingsbridge Heights, 0.00358341, 0.00531303, 0.00563014, 0.00738018, 0.00538299, 0.00303202,  0.00063267, 0.00063962, 0.00023966, 0.0015684 , 0.00153555, 0.00437296,  0.01131689, 0.01604584, 0.01011238, 0.00627116, 0.00574539, 0.00531847,  0.00276867, 0.00233925, 0.00224475, 0.00223939, 0.00236926, 0.00280983
LGA,-0.26340192,-0.10216028,-0.02521237, 0.14151112, 0.60957037, 0.71840766,  0.26162944, 0.07851046,-0.0139712 ,-0.1522049 ,-0.39812961,-0.47514456, -0.52658916,-0.41131842,-0.44426457,-0.46285156,-0.56127216,-0.63825818, -0.49471011,-0.34768954,-0.2956586 ,-0.33574733,-0.29404242,-0.31203651
Laurelton, 0.00145632, 0.00228812, 0.00149897, 0.00119718, 0.00063542, 0.00043844,  0.00035514, 0.00020419, 0.00029422, 0.00059004, 0.00097994, 0.00197196,  0.00375281, 0.0054741 , 0.00615248, 0.00524886, 0.00401164, 0.00227533,  0.0017177 , 0.00118082, 0.00085217, 0.00111374, 0.00097708, 0.00109832
Lenox Hill-Roosevelt Island, 0.11675301, 0.08901572, 0.04852977,-0.0016359 ,-0.08989045,-0.05652318, -0.0250273 ,-0.13489303,-0.1982897 ,-0.23002897,-0.1968969 ,-0.17085462, -0.20860429,-0.01336804,-0.04793801,-0.05131848, 0.00979079,-0.03198892,  0.06580464, 0.09655193, 0.12170234, 0.17355855, 0.173882  , 0.14864247
Lincoln Square,-0.00067558, 0.00371969, 0.05178627, 0.04417191,-0.00999408,-0.04116699, -0.06437661,-0.09740802,-0.10969453,-0.1354988 ,-0.17090941,-0.14104124, -0.13269428,-0.2021131 ,-0.09503549, 0.15558394, 0.1115039 , 0.2762449 ,  0.2176757 , 0.10294039, 0.0205821 ,-0.05366507,-0.10023721,-0.10611938
Lindenwood-Howard Beach,  2.12676497e-03,  2.36899920e-03,  2.27945120e-03,  2.46058224e-03,   1.40567816e-03,  1.21651496e-03,  3.91918759e-04,  5.29987327e-05,   3.98774337e-04,  7.26468024e-04,  1.43183551e-03,  2.01747745e-03,   4.82989700e-03,  9.39355246e-03,  1.18255239e-02,  7.35025372e-03,   5.16747050e-03,  4.04728821e-03,  2.46120519e-03,  1.59209707e-03,   1.47049569e-03,  1.84554295e-03,  1.51020326e-03,  1.88150107e-03
Longwood, 0.00439373, 0.00530494, 0.00767555, 0.00630821, 0.00319827, 0.00094635,  0.0001077 , 0.00053681, 0.0001101 ,-0.00031035, 0.00080215, 0.00172162,  0.00519709, 0.00856651, 0.00589972, 0.00416976, 0.00306221, 0.0032865 ,  0.00290284, 0.00188342, 0.00198397, 0.0018961 , 0.0020408 , 0.00308803
Lower East Side, 0.08893691, 0.09285751, 0.1001089 , 0.09273623, 0.03172568,-0.0081312 , -0.00894719, 0.00750968,-0.00554288,-0.01432305, 0.00451359, 0.0595391 ,  0.22367399, 0.36372653, 0.42174492, 0.32191615, 0.2416587 , 0.26286855,  0.19598543, 0.1440507 , 0.11857846, 0.11067402, 0.09036675, 0.08833422
Madison, 0.00335671, 0.00443144, 0.0050246 , 0.00492995, 0.00218994, 0.00143265,  0.00047217, 0.00037151, 0.00046015, 0.00089407, 0.00146888, 0.0025523 ,  0.00573563, 0.01137126, 0.00921368, 0.00611971, 0.00498859, 0.00372949,  0.00226555, 0.0013042 , 0.00129844, 0.00226866, 0.00242484, 0.00323318
Manhattanville, 0.02693311, 0.0353195 , 0.04551549, 0.04907237, 0.01987777, 0.00177846,  0.00246505, 0.00717707, 0.00333096, 0.00650305, 0.0065434 , 0.01269112,  0.02649399, 0.06775385, 0.02920975, 0.03074959, 0.02696314, 0.0129167 ,  0.0144244 , 0.01050647, 0.01060557, 0.01032648, 0.01088653, 0.01773873
Marble Hill-Inwood, 0.01992   , 0.02152947, 0.02304298, 0.02010989, 0.01039665, 0.00301041,  0.00019464,-0.00026349,-0.0002604 ,-0.00063387, 0.00098735, 0.00328056,  0.01288356, 0.03431265, 0.0271315 , 0.02253332, 0.01371236, 0.01434197,  0.01127148, 0.01040708, 0.0121702 , 0.01442724, 0.01515906, 0.01770849
Mariner's Harbor-Arlington-Port Ivory-Graniteville,  2.50492816e-04,  4.27879822e-04,  1.93678860e-04,  8.69222115e-05,   5.21600700e-06,  6.17520286e-06, -5.94881257e-05, -5.98896993e-05,  -8.53770914e-05, -4.92001613e-05, -1.27373378e-05, -8.76659266e-05,  -1.63860800e-04,  1.88230632e-04, -2.78837628e-04,  6.16239832e-05,   7.63112262e-05,  1.08536288e-04,  1.13288683e-04,  5.66726334e-05,   7.79214993e-05,  1.61064628e-04,  1.86248776e-04,  2.51629979e-04
Maspeth, 0.02032033, 0.02778149, 0.030942  , 0.03674466, 0.02543761, 0.0101968 ,  0.00309702, 0.00214748, 0.00139663, 0.00329124, 0.007462  , 0.01431834,  0.03273619, 0.06304332, 0.05681668, 0.05085485, 0.04102574, 0.03654921,  0.0279361 , 0.01882449, 0.0142026 , 0.01517767, 0.01361024, 0.01582159
Melrose South-Mott Haven North, 0.00807392, 0.0107239 , 0.00934416, 0.01095982, 0.00528496, 0.00320493,  0.00266233, 0.00284699, 0.00364009, 0.00200885, 0.00212819,-0.00065662, -0.00807064,-0.01534575,-0.01488271,-0.00597753,-0.01241767,-0.00809639, -0.00341418,-0.00161927,-0.00048126, 0.00124946, 0.00315504, 0.00550411
Middle Village, 0.01316253, 0.01544729, 0.01437693, 0.01698968, 0.01013056, 0.00459898,  0.00145523, 0.00117785, 0.00135799, 0.0029989 , 0.00621004, 0.0097553 ,  0.02365441, 0.04294264, 0.03586574, 0.02908362, 0.02213341, 0.02189205,  0.01628596, 0.01255599, 0.01127497, 0.01180605, 0.00998705, 0.01100152
Midtown-Midtown South,-0.83346549,-0.85902699,-0.81839795,-0.66532273,-0.32117677, 0.47532389,  0.74254831, 0.80408271, 0.8017103 , 0.74646322, 0.52380419, 0.27674438, -0.13098073, 0.26325907,-0.08343664, 0.09017559, 0.2534922 ,-0.02132829, -0.66820437,-0.75336033,-0.7612112 ,-0.73531996,-0.76168892,-0.78939219
Midwood, 0.00617353, 0.00653432, 0.0080927 , 0.00741847, 0.00517292, 0.0023296 ,  0.00090017, 0.00078274, 0.00108977, 0.00123708, 0.00278751, 0.00520364,  0.01254085, 0.02111595, 0.0161786 , 0.01053075, 0.00902024, 0.00685931,  0.00459669, 0.00426195, 0.00377443, 0.00476211, 0.0044891 , 0.00496586
Morningside Heights, 0.03907823, 0.04575302, 0.03074015, 0.02305783,-0.02268227,-0.03329978, -0.01405979,-0.01119553, 0.01098873, 0.00310414, 0.01789997,-0.01081821, -0.05115404,-0.14360896, 0.00825881,-0.14012618,-0.12958313,-0.12451589, -0.05389997,-0.02141871,-0.00036297, 0.01417177, 0.02956086, 0.03401929
Morrisania-Melrose, 0.00638576, 0.00775561, 0.00845603, 0.00818417, 0.00438866, 0.00064376,  0.00046548,-0.00020705,-0.0005968 , 0.00042634, 0.00202448, 0.00359918,  0.00926063, 0.01644138, 0.01432503, 0.00914875, 0.00857992, 0.00784159,  0.00580419, 0.00461154, 0.00406746, 0.00350075, 0.00362247, 0.00473604
Mott Haven-Port Morris, 0.01761445, 0.01830235, 0.02450975, 0.02263669, 0.01372975, 0.00496641,  0.00900209, 0.00845714, 0.00682458, 0.00769189, 0.01109195, 0.01791415,  0.03359296, 0.06401419, 0.04518975, 0.03294565, 0.02209214, 0.014159  ,  0.01118204, 0.00872428, 0.00864037, 0.00890545, 0.01016897, 0.01388328
Mount Hope, 0.00577802, 0.00739165, 0.0071642 , 0.00808845, 0.0066154 , 0.00229718,  0.00130142, 0.00140968, 0.00060789, 0.00088628, 0.00321718, 0.00479399,  0.01751013, 0.01475134, 0.01803217, 0.01537721, 0.00842856, 0.00553997,  0.00490975, 0.00408716, 0.00395724, 0.0038121 , 0.00337991, 0.00433084
Murray Hill, 0.00643399, 0.00862102, 0.00969404, 0.00801188, 0.00504688, 0.00210266,  0.00070289, 0.00062349, 0.00107613, 0.00227001, 0.0046173 , 0.00718361,  0.01418095, 0.0213317 , 0.02238525, 0.01613447, 0.01274917, 0.01016247,  0.00663714, 0.00464924, 0.00405402, 0.00469292, 0.00444362, 0.00495376
Murray Hill-Kips Bay, 0.02139594, 0.03499598, 0.03380826, 0.02807314,-0.02462891,-0.01669003,  0.01661247, 0.01108583,-0.02368605,-0.04613714, 0.00612855,-0.03884506, -0.07835044, 0.05103325, 0.01842535, 0.06687091, 0.08859368, 0.04427263, -0.04531331,-0.06131575,-0.0025513 , 0.05902733, 0.06739968, 0.0241433 
New Brighton-Silver Lake,  3.66252537e-04,  7.30395685e-06,  5.28651976e-06,  5.08055443e-04,   5.21600700e-06,  6.17520286e-06,  6.99458892e-07,  5.86246412e-07,   9.97341736e-07,  1.22304362e-04,  2.07879400e-06,  4.24395976e-04,   3.01244093e-04,  5.83771804e-04,  4.23271508e-04,  2.32007536e-04,   7.51177664e-06,  4.11248860e-05,  1.80372011e-04,  1.14936507e-04,   2.17716592e-04,  3.12747510e-04,  1.96355299e-04,  3.27226969e-04
New Dorp-Midland Beach,  3.27665963e-04,  7.30395685e-06,  5.16637158e-04,  2.40061568e-04,   1.59266844e-04,  6.17520286e-06,  6.99458892e-07,  5.86246412e-07,   9.97341736e-07,  1.47162972e-06,  8.35675189e-05,  1.28537988e-04,   7.90828191e-04,  7.99521535e-04,  9.00705720e-04,  2.37609716e-05,   7.51177664e-06,  1.08536288e-04,  1.07698405e-04,  2.04045961e-04,   9.13633352e-05,  6.72064325e-06,  3.55533032e-04,  2.93964293e-04
New Springville-Bloomfield-Travis,  5.15775510e-04,  6.13903763e-04,  6.51203116e-04,  6.99479639e-04,   5.21600700e-06,  6.17520286e-06,  5.75432888e-05,  6.71097867e-05,   2.26025470e-04,  2.39239264e-04,  2.90993364e-04,  6.74737351e-04,   1.13353706e-03,  1.77039532e-03,  1.77132105e-03,  1.00819927e-03,   6.95506273e-04,  5.70785903e-04,  2.80997004e-04,  2.65737121e-04,   4.81176574e-04,  6.45385408e-04,  5.60190118e-04,  6.23567167e-04
North Corona, 0.01922062, 0.03102477, 0.04904112, 0.07575691, 0.06798365, 0.00989422,  0.00115429,-0.0001627 ,-0.00068091,-0.00068844, 0.00013542, 0.00406573,  0.01121897, 0.01734033, 0.01865002, 0.01632379, 0.01544611, 0.01737549,  0.00961676, 0.00759328, 0.00753545, 0.0083892 , 0.00756148, 0.00955913
North Riverdale-Fieldston-Riverdale, 0.00572014, 0.00523215, 0.00630297, 0.00613593, 0.00307223, 0.00174604,  0.00121448, 0.00288126, 0.00384693, 0.00416435, 0.00714345, 0.01031288,  0.01819554, 0.03348561, 0.03081055, 0.02255225, 0.01500579, 0.01352341,  0.00992982, 0.00680843, 0.00672357, 0.00709324, 0.00726587, 0.00653828
North Side-South Side,-0.10397667,-0.14552003,-0.21893353,-0.24141384,-0.12829112,-0.03179766, -0.00626884,-0.0049665 ,-0.0050019 ,-0.00132379, 0.00975109, 0.03343532,  0.08448523, 0.13963447, 0.10551497, 0.07234211, 0.04196142, 0.05395099,  0.05315384, 0.05086963, 0.04801688, 0.03434294, 0.00524456,-0.05575969
Norwood,  1.77466248e-03,  3.70351877e-03,  5.23990227e-03,  6.76762665e-03,   4.78079195e-03,  3.34541615e-03,  2.22095258e-03,  1.12140711e-03,   1.08067776e-03,  2.58728415e-04, -1.20543595e-03, -7.16549934e-03,  -1.08857526e-02, -1.41950847e-02, -1.92919530e-02, -2.24479364e-02,  -2.14716764e-02, -1.34218951e-02, -6.36584281e-03, -2.55149253e-03,  -1.02430904e-03,  9.98592548e-05,  4.43965107e-04,  1.01969539e-03
Oakland Gardens, 0.0023824 , 0.00178666, 0.00202378, 0.00192459, 0.00080348, 0.00123813,  0.00037186, 0.00046625, 0.00056243, 0.00119031, 0.00214301, 0.00355366,  0.00573563, 0.01011272, 0.00837115, 0.00782354, 0.00502987, 0.00331539,  0.00231586, 0.00163665, 0.00158341, 0.00180297, 0.00151778, 0.00174543
Oakwood-Oakwood Beach,  2.31199529e-04,  1.44799913e-04,  5.28651976e-06,  1.03525330e-05,   5.21600700e-06,  6.17520286e-06,  6.99458892e-07,  5.86246412e-07,   9.97341736e-07,  1.47162972e-06,  8.35675189e-05,  1.62675448e-04,   7.49363416e-06,  2.60147209e-04,  3.67102777e-04,  4.82946577e-06,   7.63112262e-05,  1.37426889e-04,  1.48313482e-06,  1.11509220e-04,   1.18247007e-04,  6.72064325e-06,  1.96355299e-04,  1.57889712e-04
Ocean Hill,  1.16142388e-02,  1.53421470e-02,  1.74988610e-02,  1.96121902e-02,   1.00745389e-02,  3.09686423e-03,  8.66731927e-04, -2.23174753e-04,  -1.12653228e-04,  3.26542703e-05,  2.00966465e-03,  3.70159215e-03,   9.52990435e-03,  1.21263824e-02,  1.21906206e-02,  8.05071944e-03,   8.15336661e-03,  9.25722658e-03,  6.85516321e-03,  4.57726377e-03,   4.20725347e-03,  4.50398503e-03,  5.34057538e-03,  6.95557100e-03
Ocean Parkway South, 0.00250298, 0.0028381 , 0.00268315, 0.00144603, 0.0008595 , 0.0008707 ,  0.00046548, 0.00029289, 0.0002283 , 0.00036787, 0.00100958, 0.0022792 ,  0.00456063, 0.00896205, 0.00786563, 0.00562749, 0.0036126 , 0.00302649,  0.00184627, 0.00175661, 0.0014705 , 0.0019919 , 0.00198774, 0.0021597 
Old Astoria, 0.04507362, 0.05305648, 0.06308981, 0.06785109, 0.03291608,-0.01252949, -0.00901406,-0.00676667,-0.00596111,-0.00459407,-0.00452425, 0.00564743,  0.03014139, 0.04520801, 0.04926198, 0.04019642, 0.03570067, 0.03897602,  0.0301778 , 0.02539118, 0.02719548, 0.0310751 , 0.03228204, 0.03970116
Old Town-Dongan Hills-South Beach,  5.88125336e-04,  6.54343750e-04,  8.39595456e-04,  7.76049317e-04,   1.17252979e-04,  6.17520286e-06,  6.42307982e-05,  8.32367055e-05,   9.19177977e-05,  1.47162972e-06,  3.05809496e-04,  3.33362749e-04,   8.15307396e-04,  9.79312977e-04,  6.47946431e-04,  6.48500663e-04,   4.47828254e-04,  1.47057089e-04,  2.58635895e-04,  2.62309835e-04,   2.74172302e-04,  6.72064325e-06,  5.72823272e-04,  5.11683623e-04
Ozone Park, 0.00198689, 0.00273296, 0.00314067, 0.00286257, 0.00192385, 0.00104361,  0.0004287 , 0.00036546, 0.00031695, 0.00064461, 0.00118737, 0.00233609,  0.00441375, 0.00770351, 0.0079218 , 0.00568428, 0.00398412, 0.00241978,  0.00204752, 0.0012665 , 0.00191676, 0.00162733, 0.00182603, 0.00190267
Park Slope-Gowanus, 0.04824254, 0.04586625, 0.03714549, 0.040554  , 0.01445799,-0.00860669, -0.00743247,-0.00741578,-0.0077977 ,-0.01201164,-0.00607994,-0.00139627,  0.04573465, 0.09878586, 0.0979041 , 0.04525113, 0.02473403, 0.02919174,  0.04424294, 0.04414186, 0.04622912, 0.04521354, 0.03643329, 0.04276435
Parkchester, 0.00385834, 0.00449614, 0.0045267 , 0.00515966, 0.00104156,-0.00041528, -0.00097902,-0.00287001,-0.00486325,-0.00470321,-0.00418348,-0.00161247, -0.00261178,-0.00017135,-0.00446341,-0.00135824,-0.00162992,-0.00073892, -0.0004681 , 0.0012288 , 0.00217216, 0.00258799, 0.00282405, 0.00318177
Pelham Bay-Country Club-City Island,  2.28111126e-03,  3.35573489e-03,  3.63856737e-03,  3.07313967e-03,   2.06389537e-03,  1.21651496e-03,  8.09495717e-05, -4.48951617e-04,  -4.64969995e-04, -9.98719523e-05,  1.65056244e-04, -1.44561694e-04,   1.28041229e-03,  2.16593649e-03,  5.08527617e-03,  3.12852792e-03,   2.82828921e-03,  2.70869037e-03,  2.31026770e-03,  1.86970729e-03,   2.13721075e-03,  2.23406401e-03,  2.09638158e-03,  2.54373070e-03
Pelham Parkway, 0.00392104, 0.00419689, 0.00494386, 0.00433654, 0.00331031, 0.00194056,  0.00092692, 0.00103271, 0.00186032, 0.00212579, 0.00266898, 0.00139162,  0.00328771, 0.00270531, 0.00626482, 0.00333677, 0.00181006, 0.00120638,  0.00140464, 0.00116711, 0.00168557, 0.00283547, 0.00256381, 0.00317875
Pomonok-Flushing Heights-Hillcrest, 0.00837779, 0.01079669, 0.01098587, 0.01092153, 0.00529896, 0.00278347,  0.0015522 , 0.0013996 , 0.00278771, 0.00334581, 0.00410615, 0.00288229,  0.00693511, 0.01421196, 0.01516756, 0.00638475, 0.0045758 , 0.00785122,  0.00957204, 0.00622236, 0.0052369 , 0.00646788, 0.00619963, 0.00707653
Port Richmond,  1.68496346e-04,  8.00959336e-05,  8.60260943e-05,  2.20919149e-04,   1.92206285e-05,  6.17520286e-06, -1.26755599e-05,  2.27607598e-05,  -5.82169246e-06,  2.48586102e-05,  6.87513871e-05,  1.17158834e-04,   1.05410454e-04,  2.60147209e-04,  3.67102777e-04,  1.18418501e-04,   7.63112262e-05,  7.00154869e-05,  4.06150765e-05,  7.38090668e-05,   2.64721869e-06,  1.31792493e-04,  9.27634410e-05,  1.00436000e-04
Prospect Heights, 0.02346514, 0.02245958, 0.01918094, 0.01863593, 0.00832396,-0.00073948, -0.00197212,-0.00255351,-0.00254705,-0.00268413, 0.00080215, 0.00663741,  0.02150024, 0.03492394, 0.03800015, 0.02936759, 0.02956376, 0.03159929,  0.02260297, 0.01916722, 0.0200955 , 0.0245075 , 0.02390373, 0.02510187
Prospect Lefferts Gardens-Wingate, 0.03491088, 0.04111051, 0.04344318, 0.04160683, 0.01636261, 0.00546351,  0.00043539,-0.00162017,-0.00201289, 0.00059394, 0.00140961, 0.00513537,  0.01334866, 0.02165533, 0.01988574, 0.01975039, 0.01581763, 0.01591169,  0.01191436, 0.01031797, 0.01186641, 0.01610107, 0.01899701, 0.02626607
Queens Village,  2.80685333e-03,  3.67116678e-03,  3.05993376e-03,  3.85797887e-03,   1.44769202e-03, -2.62446121e-05,  4.72168872e-04,  3.75537110e-04,   6.01072351e-04,  1.14353584e-03,  2.40229215e-03,  3.76986707e-03,   6.86167101e-03,  1.31691727e-02,  1.28084767e-02,  8.90263720e-03,   6.37834081e-03,  4.30730362e-03,  2.61214268e-03,  2.52431905e-03,   2.11032708e-03,  2.38840800e-03,  2.33893812e-03,  2.61630381e-03
Queensboro Hill, 0.00421526, 0.00347705, 0.00367894, 0.00475767, 0.0020779 , 0.00125974,  0.00120445, 0.00134315, 0.00167393, 0.00160738, 0.00229858, 0.00181265,  0.00803667, 0.01169488, 0.00578739, 0.00661192, 0.00284205, 0.0036043 ,  0.00374697, 0.00303156, 0.00236572, 0.00281418, 0.0026295 , 0.00315153
Queensbridge-Ravenswood-Long Island City, 0.01525585, 0.01864205, 0.02681083, 0.02947054, 0.00992049,-0.00640214, -0.0008854 , 0.00454031, 0.00862708, 0.00970317, 0.01043264, 0.01269112,  0.01973773, 0.03992214, 0.04285875, 0.02442647, 0.01386372,-0.00097005,  0.00165061, 0.00518047, 0.00642247, 0.01143882, 0.01186434, 0.01356275
Rego Park, 0.01125731, 0.01458996, 0.01509013, 0.01712368, 0.00976644, 0.0008599 , -0.00038718,-0.00155566,-0.00106505,-0.00260618,-0.00306486,-0.00578862, -0.01181596,-0.03893439,-0.03827698,-0.01991111,-0.02295774,-0.01864146, -0.00830567,-0.00461129,-0.00212923, 0.00140646, 0.00662158, 0.00991293
Richmond Hill, 0.0109438 , 0.01272164, 0.01108006, 0.01067268, 0.00608322, 0.00283751,  0.00129808, 0.00077468, 0.00118069, 0.00276503, 0.00484695, 0.00845808,  0.01809763, 0.02845145, 0.03448961, 0.02745551, 0.02092254, 0.01828072,  0.01315541, 0.00889907, 0.00736608, 0.00821889, 0.00789247, 0.00877897
Ridgewood, 0.03839814, 0.04560743, 0.06134045, 0.06346747, 0.03771966, 0.01221764,  0.00216745, 0.00164553, 0.00151255, 0.00311974, 0.00670638, 0.01100701,  0.02713045, 0.03643419, 0.03724187, 0.02932973, 0.02209214, 0.01974451,  0.01512318, 0.0110377 , 0.01104377, 0.01286783, 0.01536119, 0.02239248
Rikers Island,  4.50340753e-06,  7.30395685e-06,  5.28651976e-06,  1.03525330e-05,   5.21600700e-06,  6.17520286e-06,  6.99458892e-07, -9.49307787e-06,   9.97341736e-07,  1.47162972e-06,  2.07879400e-06,  3.36730049e-06,   7.49363416e-06,  8.43919013e-06,  2.00602610e-06,  4.82946577e-06,   7.51177664e-06, -1.66563158e-05, -4.10714257e-06,  1.83604644e-06,   1.07123202e-05,  6.72064325e-06,  1.80473621e-06,  6.47974195e-07
Rosedale, 0.00222805, 0.00304839, 0.00182193, 0.00194374, 0.00076147, 0.00127055,  0.00076642, 0.00042593, 0.00067154, 0.00105389, 0.00162445, 0.00285953,  0.00556427, 0.00914184, 0.00716352, 0.00610077, 0.00491979, 0.00254498,  0.00198603, 0.00129735, 0.00097046, 0.00119357, 0.00121206, 0.00157609
Rossville-Woodrow,  1.34733094e-04,  7.30395685e-06,  5.28651976e-06,  1.03525330e-05,   1.87276087e-04,  6.17520286e-06,  6.99458892e-07,  5.86246412e-07,   9.97341736e-07,  2.87564403e-05,  2.07879400e-06,  3.36730049e-06,   2.52285683e-04,  8.43919013e-06,  2.00602610e-06,  4.82946577e-06,   7.51177664e-06,  2.60408478e-06,  1.48313482e-06,  1.83604644e-06,   2.64721869e-06,  6.72064325e-06,  1.80473621e-06,  6.47974195e-07
Rugby-Remsen Village, 0.00656904, 0.00854823, 0.00850986, 0.00692077, 0.00543901, 0.00212427,  0.00087676, 0.00070009, 0.00081246, 0.00099542, 0.00293567, 0.00437296,  0.01422991, 0.01755608, 0.01629094, 0.01187488, 0.01049255, 0.00977726,  0.0062011 , 0.00412486, 0.00427177, 0.00423255, 0.00420106, 0.00535594
Schuylerville-Throgs Neck-Edgewater Park, 0.0040368 , 0.00456893, 0.00514571, 0.00649963, 0.00387049, 0.00165959,  0.00046214, 0.00059325, 0.00071927, 0.00140079, 0.0026838 , 0.00475985,  0.00926063, 0.01352876, 0.0147463 , 0.01054968, 0.00840104, 0.00686894,  0.00465818, 0.00308982, 0.00299211, 0.00330383, 0.00330916, 0.00379562
Seagate-Coney Island,  4.77188937e-04,  8.64631683e-04,  8.39595456e-04,  1.29289465e-03,   6.07414733e-04,  2.11500698e-04, -2.93943334e-05, -1.22381510e-04,  -4.08144710e-04, -6.29976843e-04, -3.49615355e-05, -7.62867732e-05,   1.20697468e-03,  1.48272901e-03,  2.41726145e-03,  1.02713078e-03,   9.70704071e-04,  4.74483900e-04,  6.77906699e-04,  4.33674169e-04,   4.13967395e-04,  3.12747510e-04,  1.38242793e-04,  2.51629979e-04
Sheepshead Bay-Gerritsen Beach-Manhattan Beach, 0.00369434, 0.00392998, 0.00389424, 0.00471939, 0.00211991, 0.00114087,  0.00035514,-0.00066465,-0.0017424 ,-0.00207217,-0.00106468,-0.00013318,  0.00091322, 0.00112315, 0.00188366,-0.0003738 ,-0.00233167,-0.0015286 , -0.00102713,-0.00053625, 0.00039784, 0.00114833, 0.00255118, 0.00304267
SoHo-TriBeCa-Civic Center-Little Italy,-0.22984607,-0.225664  ,-0.20937934,-0.18993988,-0.08839196, 0.02337006,  0.06702292, 0.03778596, 0.12255268, 0.37329666, 0.41409074, 0.3369401 ,  0.47341084, 0.34387755,-0.07231523,-0.03814215,-0.04779435,-0.11999932, -0.12945816,-0.14099331,-0.15999821,-0.20639643,-0.22783964,-0.23874372
Soundview-Bruckner,  1.97241867e-03,  3.14544695e-03,  4.72855163e-03,  5.96364503e-03,   3.43634828e-03,  1.90813768e-03,  3.75199986e-04,  2.46521759e-04,   5.32766039e-05, -1.42748083e-04, -2.57203513e-04,  1.52817385e-03,   2.96947743e-03,  7.23605516e-03,  1.37813993e-03,  4.97048617e-04,  -1.39599700e-03, -5.36687132e-04, -1.30105150e-03, -2.58637742e-04,   2.95679240e-04,  5.97485551e-04,  9.21498306e-04,  1.86638167e-03
Soundview-Castle Hill-Clason Point-Harding Park, 0.00559956, 0.00675269, 0.00750061, 0.00841387, 0.00406656, 0.00294557,  0.00099714, 0.00111334, 0.00116478, 0.00173601, 0.00335052, 0.00582949,  0.01834242, 0.02208683, 0.01988574, 0.01588836, 0.01602402, 0.01064398,  0.00870555, 0.00574254, 0.00407821, 0.00368969, 0.00359215, 0.00424617
South Jamaica, 0.00435514, 0.00570125, 0.00467473, 0.00521709, 0.00213392, 0.00160555,  0.00050226, 0.00038763, 0.00058743, 0.00073816, 0.00184669, 0.00321229,  0.00842834, 0.00978909, 0.00932602, 0.01034143, 0.00716265, 0.0064741 ,  0.00623464, 0.00453956, 0.00312115, 0.00321601, 0.00328642, 0.00383795
South Ozone Park, 0.01047111, 0.01260032, 0.00910195, 0.00739933, 0.00550903, 0.00373445,  0.00217748, 0.00152256, 0.00243767, 0.00414097, 0.00895843, 0.01295284,  0.02879504, 0.05405375, 0.05824898, 0.0489617 , 0.03169654, 0.02480037,  0.01731457, 0.01248401, 0.00915654, 0.00998054, 0.0094514 , 0.00960147
Springfield Gardens North, 0.00352553, 0.00454467, 0.00314067, 0.00190545, 0.00094353, 0.00096796,  0.00060258, 0.00038763, 0.00056925, 0.00064851, 0.00181705, 0.00348539,  0.00681271, 0.01043634, 0.01022472, 0.00799392, 0.00739657, 0.0047214 ,  0.00343391, 0.00254488, 0.00201623, 0.00235647, 0.00235662, 0.00287636
Springfield Gardens South-Brookville, 0.00415256, 0.00503804, 0.00273698, 0.00217345, 0.00168577, 0.00133539,  0.00063601, 0.00035538, 0.00103976, 0.00145926, 0.00246156, 0.00362194,  0.00664136, 0.01252192, 0.01278039, 0.00892157, 0.00796073, 0.00590592,  0.00377492, 0.00341884, 0.00309965, 0.00337834, 0.00330411, 0.00379259
Spuyten Duyvil-Kingsbridge, 0.00817039, 0.00963202, 0.01173944, 0.01203179, 0.0075257 , 0.00306444,  0.00111417, 0.00111133, 0.00071018, 0.00136181, 0.00383205, 0.00603432,  0.01596794, 0.02568266, 0.02387372, 0.02026154, 0.01284549, 0.01137587,  0.00783346, 0.00705519, 0.00850058, 0.00990336, 0.00836243, 0.00854008
St. Albans, 0.00442267, 0.00622697, 0.00394807, 0.00397283, 0.00189584, 0.0011949 ,  0.00097373, 0.00052471, 0.00076246, 0.00133453, 0.00289122, 0.00465744,  0.00938303, 0.01475134, 0.01339825, 0.0120074 , 0.00845608, 0.00561701,  0.00488739, 0.00270597, 0.00226625, 0.00243365, 0.00257391, 0.00323922
Stapleton-Rosebank,  4.62718971e-04,  4.84495804e-04,  5.03180563e-04,  3.93200925e-04,   2.99313059e-04,  1.79080883e-04,  1.11043364e-04,  2.47766247e-05,   4.64575697e-05,  1.61282663e-04,  3.65074023e-04,  3.56121056e-04,   1.10905786e-03,  1.73443703e-03,  1.60281486e-03,  2.13076030e-04,   2.55189795e-04,  2.24098692e-04,  2.75406727e-04,  2.38318828e-04,   5.08060246e-04,  3.97902812e-04,  3.35319987e-04,  3.90728440e-04
Starrett City,  9.93284361e-04,  1.24476756e-03,  9.47248222e-04,  1.27375223e-03,   6.21419354e-04,  2.54727118e-04,  2.24731024e-04,  8.92843001e-05,   8.73717749e-05,  4.41926429e-04,  6.83620857e-04,  1.03887026e-03,   1.96583003e-03,  4.25151722e-03,  3.82147973e-03,  2.33340468e-03,   2.19533427e-03,  1.32194153e-03,  1.16426083e-03,  7.45557257e-04,   5.77957792e-04,  7.67796155e-04,  7.21894482e-04,  9.07811847e-04
Steinway, 0.05759979, 0.06825383, 0.08474147, 0.09082199, 0.05340484,-0.00015592, -0.0096661 ,-0.00825236,-0.00674757,-0.00825023,-0.00735413, 0.00115266,  0.01503773, 0.03132811, 0.01370718, 0.02327165, 0.02239485, 0.028508  ,  0.02196009, 0.02367411, 0.02491843, 0.03183884, 0.03300465, 0.04344775
Stuyvesant Heights, 0.06306461, 0.07831529, 0.10239652, 0.109237  , 0.05446919, 0.01631334,  0.00316389,-0.00070497,-0.00228338,-0.00133159, 0.00352091, 0.01213354,  0.03305442, 0.05444929, 0.04754884, 0.03991244, 0.03654002, 0.03647217,  0.0294287 , 0.02204272, 0.02403396, 0.02780194, 0.03131181, 0.04249523
Stuyvesant Town-Cooper Village, 0.05304657, 0.05290281, 0.05570214, 0.04744527, 0.00641933,-0.04275556, -0.03163122,-0.01978714,-0.01484859,-0.02696761,-0.07716034,-0.0705929 , -0.07707752,-0.0441843 , 0.03364708, 0.07253143, 0.07729681, 0.08745445,  0.06229953, 0.04998881, 0.0548991 , 0.06319728, 0.05998654, 0.05057806
Sunset Park East, 0.01224127, 0.01367602, 0.01670492, 0.01804251, 0.01017257, 0.00403704,  0.00098376, 0.00078274, 0.00072381, 0.00140079, 0.00355054, 0.00506709,  0.01464606, 0.01766396, 0.01395994, 0.01284039, 0.01021735, 0.00913203,  0.00674336, 0.0056363 , 0.00526916, 0.00657432, 0.00711174, 0.00899669
Sunset Park West, 0.02527871, 0.0312108 , 0.03885448, 0.03551954, 0.01910752, 0.00755999,  0.00146861, 0.00109722, 0.00270588, 0.00487766, 0.00903992, 0.01413628,  0.03014139, 0.04466863, 0.03443344, 0.02336631, 0.01976671, 0.01662433,  0.01223301, 0.00850836, 0.01114324, 0.01407863, 0.01574019, 0.02092892
Todt Hill-Emerson Hill-Heartland Village-Lighthouse Hill,  5.49538762e-04,  5.16847794e-04,  5.28651976e-06,  1.03525330e-05,   4.25354653e-04,  1.03434648e-04,  8.42933264e-05,  5.70304624e-05,   9.97341736e-07,  1.80771813e-04,  2.53953035e-04,  1.74054601e-04,   9.62182626e-04,  1.44677073e-03,  9.84958816e-04,  3.07733559e-04,   6.40466713e-04,  4.45593299e-04,  4.20753939e-04,  2.79446268e-04,   3.06432708e-04,  3.84597296e-04,  5.02077612e-04,  4.45158272e-04
Turtle Bay-East Midtown,-0.08758702,-0.12060091,-0.16503986,-0.15580894,-0.11710143, 0.01529752,  0.16081524, 0.22674708, 0.20522438, 0.23316187, 0.23877886, 0.001733  , -0.23785694,-0.37708613,-0.24354561,-0.02710509,-0.12728523,-0.54913068, -0.52560758,-0.39203521,-0.32456392,-0.30480934,-0.18827261,-0.11563251
University Heights-Morris Heights, 0.00873954, 0.01085331, 0.01128191, 0.01254864, 0.00763773, 0.00303202,  0.0008567 , 0.000942  , 0.00071927, 0.00268708, 0.00438025, 0.0079005 ,  0.02020284, 0.03557119, 0.02513751, 0.02052658, 0.01684962, 0.01295522,  0.00940433, 0.00572198, 0.00513474, 0.005611  , 0.00531784, 0.00703419
Upper East Side-Carnegie Hill, 0.01323005, 0.0215052 , 0.03637846, 0.02591005,-0.02565125,-0.05545332, -0.09324993,-0.10020604,-0.18956815,-0.15929115, 0.06102232, 0.21082494,  0.38065913, 0.08069884, 0.00401807,-0.25396132,-0.2129543 ,-0.41475086, -0.23079871,-0.10945542,-0.08889897,-0.03750153, 0.0245177 , 0.02906618
Upper West Side, 0.14363338, 0.1105864 , 0.08702909, 0.06325691,-0.06808525,-0.23445393, -0.20396499,-0.13690688,-0.15806422,-0.23647598,-0.34350994,-0.33856058, -0.52154645,-0.40017135, 0.03331006, 0.12728134, 0.23271477, 0.35501031,  0.31225761, 0.23256723, 0.22997095, 0.24745206, 0.19444878, 0.18153623
Van Cortlandt Village, 0.00670892, 0.00820853, 0.00950564, 0.01061525, 0.00598519, 0.00235121,  0.00078314, 0.00031506, 0.00011919, 0.00096034, 0.00375056, 0.00669431,  0.01356897, 0.02054062, 0.01996999, 0.01433598, 0.01168966, 0.01053804,  0.00521721, 0.00448473, 0.00376098, 0.00427513, 0.0042516 , 0.00527127
Van Nest-Morris Park-Westchester Square, 0.0020303 , 0.00127712, 0.00163353, 0.00381969, 0.00234399, 0.00083828,  0.00114426, 0.00104682, 0.0021399 , 0.00293264, 0.00219487, 0.00175576,  0.00480542, 0.0024536 , 0.00334405,-0.00446301,-0.00384526,-0.00268422, -0.00108303,-0.00033747, 0.00025535, 0.00084231, 0.00090887, 0.00121625
Washington Heights North, 0.0493085 , 0.04979702, 0.05626731, 0.05159917, 0.02585775, 0.0046206 , -0.00033702, 0.00041787,-0.00134917, 0.00223883, 0.00811391, 0.01749313,  0.05821904, 0.09353595, 0.08492913, 0.06312247, 0.05339588, 0.04975222,  0.03560037, 0.03065892, 0.03369864, 0.03856611, 0.03826005, 0.04320886
Washington Heights South, 0.05867057, 0.07917262, 0.10084902, 0.10452796, 0.06376826, 0.03652169,  0.02829221, 0.01288599, 0.01037957, 0.01343339, 0.01752956, 0.01518316,  0.01117001, 0.00475493,-0.00235708,-0.02750265,-0.04080432,-0.02414994, -0.00197748, 0.00983472, 0.01777813, 0.028092  , 0.03360347, 0.04750882
West Brighton, 0.00055436, 0.00033891, 0.00055701, 0.00046977, 0.00081748, 0.0005357 ,  0.00020801, 0.00023644, 0.0003465 , 0.00032889, 0.00052805, 0.00158507,  0.00304292, 0.00223785, 0.00292278, 0.00297708, 0.00136974, 0.00089821,  0.00095742, 0.00051936, 0.00064517, 0.0006374 , 0.00059809, 0.00065381
West Concourse, -1.92000196e-03,  1.11535960e-03,  2.56203971e-03,  6.59534488e-03,   5.90116167e-03,  1.28135459e-03,  8.76370811e-05,  8.72684352e-05,   1.78303828e-03,  6.91232436e-03,  7.69905927e-03,  8.24187436e-03,   1.22470961e-02, -1.25010090e-03, -6.12038564e-03, -1.04264302e-02,  -8.57865953e-03, -6.34369792e-03, -4.51329334e-04,  5.81047496e-04,  -1.57004757e-03, -2.96839272e-03, -4.04333099e-03, -2.58174518e-03
West Farms-Bronx River,  4.59148237e-03,  4.60937448e-03,  5.85890567e-03,  4.98738163e-03,   2.56806175e-03,  1.45426027e-03,  4.22012551e-04, -3.16675913e-05,  -5.99077668e-04, -3.64924398e-04,  6.24356330e-04,  2.65471004e-03,   3.99760404e-03,  7.12818029e-03,  4.83251688e-03,  6.02504831e-03,   6.46090015e-03,  3.68134060e-03,  3.21589263e-03,  2.38380029e-03,   2.15602932e-03,  2.05577010e-03,  1.92457069e-03,  2.89147685e-03
West New Brighton-New Brighton-St. George,  4.86835580e-04,  6.21991760e-04,  1.05490099e-03,  6.80337219e-04,   4.11350031e-04,  2.54727118e-04,  1.21074628e-04,  6.91256515e-05,   9.19177977e-05,  1.06713042e-04,  1.94688507e-04,  4.47154283e-04,   6.68432167e-04,  1.08718784e-03,  1.54664612e-03,  1.12178831e-03,   5.85427153e-04,  4.45593299e-04,  1.91552566e-04,  2.55455261e-04,   1.77391085e-04,  3.60647367e-04,  3.60586294e-04,  3.18155330e-04
West Village,-0.49017521,-0.63483579,-0.84936158,-0.83995902,-0.39042963,-0.1864726 , -0.16861482,-0.15175574,-0.12087548,-0.25353678,-0.09773253, 0.04002385,  0.28359908,-0.00693151,-0.19700982,-0.11570453, 0.044507  , 0.23386239,  0.33179563, 0.24313013, 0.07591676,-0.12976198,-0.1843159 ,-0.29102659
Westchester-Unionport,  2.12676497e-03,  2.92707102e-03,  1.31057631e-03,  3.13056693e-03,   2.47002940e-03,  1.21651496e-03,  2.28074779e-04,  4.13838542e-04,   4.96513827e-04,  3.24991526e-04,  1.65056244e-04,  5.49566663e-04,   8.09312489e-05, -2.65247415e-03,  5.81747570e-05, -1.22571841e-03,  -2.07023160e-03, -1.86565478e-03, -6.19037655e-04, -3.88874636e-04,  -1.72096647e-04,  6.24096583e-04,  9.24024937e-04,  1.14669833e-03
Westerleigh,  3.90369146e-04,  2.74207871e-04,  3.01331626e-04,  1.03525330e-05,   5.21600700e-06,  6.17520286e-06,  5.08557794e-05,  4.89670030e-05,   3.50925127e-05,  9.50195516e-05,  1.68949258e-05,  2.65087828e-04,   7.49363416e-06,  1.01527126e-03,  7.60283893e-04,  3.64528076e-04,   2.27670015e-04,  3.01140294e-04,  2.30684508e-04,  2.52027974e-04,   2.04274756e-04,  2.94119787e-04,  2.94893896e-04,  4.51206031e-04
Whitestone, 0.0038921 , 0.00426968, 0.00499768, 0.00519795, 0.00319827, 0.00164878,  0.00079986, 0.00086741, 0.00165802, 0.00173601, 0.00346905, 0.0063188 ,  0.01569866, 0.02068446, 0.01676837, 0.01320009, 0.0095156 , 0.00674374,  0.00537374, 0.00286362, 0.00295179, 0.00272105, 0.00261939, 0.00308198
Williamsbridge-Olinville, 0.00277309, 0.0041888 , 0.00349054, 0.00519795, 0.00305822, 0.00163797,  0.00077311, 0.00076057, 0.00063971, 0.00110456, 0.0020393 , 0.00321229,  0.00857522, 0.01356471, 0.01182552, 0.00884584, 0.00749289, 0.00555923,  0.00298669, 0.00228784, 0.00180654, 0.00191473, 0.00194226, 0.00235927
Williamsburg, 0.00498699, 0.00444761, 0.00478238, 0.00211602, 0.00366042, 0.00203782,  0.00154551, 0.00157699, 0.00129207, 0.00217256, 0.0081065 , 0.01716313,  0.04500027, 0.06117349, 0.06819085, 0.03809502, 0.02348188, 0.01580576,  0.0093652 , 0.00456013, 0.00490085, 0.00520386, 0.00443099, 0.00339344
Windsor Terrace, 0.01710318, 0.01928909, 0.02093029, 0.02198585, 0.00895417, 0.00209185, -0.00058446,-0.00025744,-0.00096503, 0.00014179, 0.00300975, 0.00644397,  0.01910127, 0.02751653, 0.03187776, 0.02266584, 0.01808801, 0.01733696,  0.01485485, 0.01282674, 0.01259227, 0.01518565, 0.0161015 , 0.01755125
Woodhaven, 0.0094968 , 0.01203416, 0.01324658, 0.01442459, 0.00794584, 0.00196217,  0.00040864, 0.00047633, 0.00078973, 0.00181396, 0.00360981, 0.0054426 ,  0.01462158, 0.02370495, 0.0230031 , 0.0186145 , 0.01649186, 0.0124063 ,  0.00866641, 0.00671246, 0.00591974, 0.00670738, 0.00643713, 0.00779621
Woodlawn-Wakefield, 0.00346765, 0.00426968, 0.00767555, 0.00812674, 0.00654537, 0.00214588,  0.00061261, 0.0004602 , 0.00066926, 0.00092526, 0.00184669, 0.00229058,  0.00681271, 0.00978909, 0.01075832, 0.00812645, 0.00515371, 0.0037969 ,  0.00272954, 0.00235295, 0.00207538, 0.00221011, 0.00285184, 0.00363535
Woodside, 0.0204795 , 0.02891381, 0.03714549, 0.03764435, 0.01455602,-0.01077882, -0.01350138,-0.00969572,-0.01048895,-0.01079552,-0.01416214,-0.01779363, -0.02880453,-0.04339321,-0.02375737,-0.03869117,-0.02672795,-0.03150741, -0.02101237,-0.0077644 ,-0.00231204, 0.000193  , 0.00605056, 0.01204476
Yorkville, 0.16653451, 0.14097301, 0.11649904, 0.06787023,-0.05226003,-0.20433592, -0.25745169,-0.19591729,-0.14790613,-0.2328549 ,-0.38972886,-0.41250232, -0.52206051,-0.3927999 , 0.20816332, 0.27460632, 0.31208182, 0.36174182,  0.29251275, 0.24663967, 0.2387888 , 0.26468004, 0.23831108, 0.21060781
park-cemetery-etc-Bronx,  2.49816074e-03,  2.66016711e-03,  3.96152567e-03,  3.39856080e-03,   2.21794621e-03,  1.36780743e-03,  4.52106344e-04,  1.06655707e-05,   2.01022345e-04,  1.05388575e-03,  1.87631947e-03,  3.59917977e-03,   4.85437621e-03,  1.25219235e-02,  7.41627850e-03,  4.96488399e-03,   2.59437108e-03,  2.48719576e-03,  2.05870521e-03,  1.29735041e-03,   1.08605919e-03,  1.18558936e-03,  1.45714401e-03,  1.79985632e-03
park-cemetery-etc-Brooklyn, 0.00924599, 0.01120109, 0.0108513 , 0.0097347 , 0.0057191 , 0.00655498,  0.0036387 , 0.00274418, 0.00288999, 0.00788288, 0.01217353, 0.01423869,  0.02940702, 0.03424073, 0.03207435, 0.01390055, 0.00509867, 0.0045288 ,  0.00474204, 0.00371359, 0.00393035, 0.00499895, 0.00558313, 0.00758756
park-cemetery-etc-Manhattan,  3.32777208e-03,  9.93936478e-03,  1.41481687e-02,  1.83105057e-02,   4.57072262e-03, -5.20260841e-03, -6.65337240e-03,  3.60696847e-03,  -3.51535129e-03,  1.87851148e-02,  1.13071389e-01,  1.41036594e-01,   4.48119323e-04, -2.10994797e-01, -3.02803622e-01, -3.00343510e-01,  -2.36937793e-01, -2.16002789e-01, -8.00177474e-02, -7.32906897e-02,  -5.49422009e-02, -2.55185811e-02, -7.20161935e-03, -6.28534969e-05
park-cemetery-etc-Queens, 0.00232934, 0.00452041, 0.00577817, 0.0074759 , 0.00427663, 0.00276186,  0.0015522 , 0.00085531, 0.00212854, 0.00269097, 0.00377278, 0.00600018,  0.01721637, 0.01823929, 0.01193786, 0.00430228, 0.00227789, 0.00603111,  0.00612284, 0.00361762, 0.00059409,-0.00497753,-0.00385131,-0.0005497 
park-cemetery-etc-Staten Island,  4.50340753e-06,  7.30395685e-06,  5.28651976e-06,  1.03525330e-05,   5.21600700e-06,  6.17520286e-06,  6.99458892e-07,  5.86246412e-07,   9.97341736e-07,  1.47162972e-06,  2.07879400e-06,  3.36730049e-06,   7.49363416e-06,  8.43919013e-06,  2.00602610e-06,  4.82946577e-06,   7.51177664e-06,  2.60408478e-06,  1.48313482e-06,  1.83604644e-06,   2.64721869e-06,  6.72064325e-06,  1.80473621e-06,  6.47974195e-07
